{"cameraMode":{"drawMode":0,"name":"Shaded","section":"Shading Mode"},"sceneLighting":true,"audioPlay":false,"sceneViewState":{"m_AlwaysRefresh":false,"showFog":true,"showSkybox":true,"showFlares":true,"showImageEffects":true,"showParticleSystems":true,"showVisualEffectGraphs":true,"m_FxEnabled":true},"in2DMode":false,"pivot":{"x":7.532864570617676,"y":-29.37085723876953,"z":33.13127136230469},"rotation":{"x":0.3536757826805115,"y":-0.003646115306764841,"z":0.0013770643854513765,"w":0.9353629946708679},"size":47.03212356567383,"orthographic":false}