{"cameraMode":{"drawMode":0,"name":"Shaded","section":"Shading Mode"},"sceneLighting":true,"audioPlay":false,"sceneViewState":{"m_AlwaysRefresh":false,"showFog":true,"showSkybox":true,"showFlares":true,"showImageEffects":true,"showParticleSystems":true,"showVisualEffectGraphs":true,"m_FxEnabled":true},"in2DMode":false,"pivot":{"x":0.24695467948913575,"y":-0.10148775577545166,"z":0.5088685750961304},"rotation":{"x":0.19837577641010285,"y":-0.6178807020187378,"z":0.16503147780895234,"w":0.7427244782447815},"size":1.4467779397964478,"orthographic":true}